ID,社名,住所,電話番号,従業員数
0876,清水農林合同会社,広島県横浜市青葉区箪笥町12丁目16番5号 コーポ蔵前160,070-9324-8507,78
0310,佐藤水産有限会社,山口県富里市月島30丁目4番17号 手岡パレス415,080-1452-5716,10
0004,中村農林有限会社,長野県香取郡東庄町千束10丁目8番15号 パレス六番町586,080-8465-5202,21
0747,合同会社中村情報,島根県八王子市東浅草14丁目20番16号 シティ蟇沼316,070-5283-2296,88
0084,合同会社山本印刷,長野県町田市下宇和田26丁目20番10号 コーポ横林925,14-2964-2424,91
0152,株式会社田中ガス,滋賀県千代田区平河町37丁目7番9号 細野パーク718,07-5101-0567,29
0037,中村情報株式会社,石川県長生郡長南町前弥六33丁目5番12号,090-6522-9479,33
0291,有限会社鈴木情報,佐賀県横浜市都筑区神明内18丁目20番8号 コート白金312,34-4198-9625,52
0199,合同会社岡田食品,埼玉県川崎市川崎区湯本塩原34丁目7番14号 クレスト京橋204,64-3586-5526,33
0929,合同会社鈴木印刷,奈良県匝瑳市戸山31丁目27番2号 戸島クレスト120,090-0264-1772,34
0643,佐藤食品有限会社,岡山県西多摩郡奥多摩町所野8丁目16番5号 轟パーク171,090-7022-1212,17
0457,合同会社斎藤電気,和歌山県印旛郡印旛村北上野29丁目13番6号,090-2822-4016,87
0079,株式会社村上食品,奈良県杉並区西小来川18丁目23番2号 ハイツ蟇沼089,070-7063-9432,88
0052,森農林有限会社,徳島県板橋区三ノ輪28丁目24番5号 西川パレス534,070-2498-0396,94
0124,合同会社中村ガス,大分県横浜市栄区秋葉原27丁目23番6号,080-1893-3089,8
0552,鈴木水産有限会社,和歌山県西多摩郡瑞穂町雷門11丁目11番6号 コーポ三ノ輪813,070-6838-7744,33
0959,藤井通信株式会社,兵庫県鴨川市鳥越13丁目4番8号 シティ池之端750,070-6981-7483,31
0865,吉田情報株式会社,山形県東大和市独鈷沢6丁目23番18号 所野ハイツ753,080-1878-3754,26
0633,鈴木建設有限会社,島根県香取郡東庄町前弥六南町3丁目4番7号 横林シャルム593,070-2326-1834,31
0305,山本電気株式会社,沖縄県三宅島三宅村六番町2丁目7番16号,070-7480-7087,75
0544,合同会社鈴木通信,愛媛県多摩市西川24丁目18番14号,070-6472-3093,56
0090,合同会社田中銀行,岡山県富里市虎ノ門虎ノ門ヒルズ森タワー23丁目21番18号,090-1522-0120,18
0362,株式会社渡辺印刷,福井県南房総市富久町12丁目14番20号,070-4451-7327,11
0350,株式会社鈴木水産,熊本県青ヶ島村松石12丁目20番2号,090-8383-2519,1
0033,山口鉱業有限会社,島根県川崎市中原区小入14丁目14番18号 シティ土沢630,070-5733-3959,40
0758,村上印刷有限会社,島根県印旛郡酒々井町上広谷30丁目15番5号 パーク戸塚町010,070-7192-2057,57
0528,有限会社佐藤運輸,徳島県練馬区北上野29丁目20番17号 パーク松浦町242,080-3128-4799,59
0721,有限会社加藤食品,福島県千代田区中小来川37丁目13番4号,080-5664-3899,32
0466,有限会社高橋印刷,熊本県匝瑳市東上野24丁目24番18号 雷門パーク442,080-0307-0824,6
0644,株式会社佐藤保険,沖縄県白井市小入13丁目23番12号 南郷屋シティ528,070-2441-3168,39
0715,村上銀行合同会社,東京都稲城市今戸10丁目15番6号 クレスト富久町675,080-2735-9556,39
0603,株式会社佐々木保険,和歌山県白井市脚折町22丁目23番11号,090-9367-9039,68
0110,合同会社斎藤農林,福井県横浜市港北区蟇沼17丁目15番18号 クレスト所野433,34-2305-3285,14
0676,山下運輸株式会社,埼玉県長生郡長柄町東上野40丁目26番1号,91-3360-3961,73
0061,西村運輸合同会社,青森県八千代市東神田42丁目16番11号,070-3726-1210,81
0543,高橋運輸株式会社,滋賀県匝瑳市小入40丁目22番3号,070-3905-8290,95
0561,有限会社池田情報,長崎県新宿区中三依24丁目19番5号 小入コーポ345,080-3989-1376,65
0675,株式会社斉藤運輸,宮崎県山武市独鈷沢39丁目4番5号 クレスト中小来川844,080-8115-2646,64
0634,合同会社阿部建設,宮崎県印旛郡酒々井町白金台14丁目6番4号,070-7324-5145,68
0537,有限会社小川印刷,東京都浦安市山中新田36丁目9番18号,070-3088-2005,50
0245,有限会社山本農林,宮崎県横浜市栄区幸手2丁目22番17号 コーポ東神田803,080-4942-8937,11
0856,田中通信株式会社,兵庫県国分寺市卯の里14丁目10番14号,36-3170-8453,28
0086,田中農林株式会社,石川県東久留米市松石31丁目27番8号 芝公園パレス036,070-7385-5248,64
0694,合同会社後藤農林,福島県袖ケ浦市細野36丁目6番11号,080-7101-2088,2
0839,佐々木保険合同会社,茨城県山武郡芝山町四番町24丁目18番8号 コーポ千束645,080-9551-5985,7
0795,佐藤食品株式会社,滋賀県豊島区西浅草30丁目9番16号 コート羽折町731,070-1772-1747,38
0598,山本銀行株式会社,徳島県印旛郡栄町日光38丁目4番2号,070-4442-6717,12
0048,清水情報合同会社,茨城県青ヶ島村前弥六5丁目10番2号,070-9865-4683,6
0443,有限会社佐藤銀行,宮崎県江東区花島41丁目4番2号 東大和町パーク900,090-2132-2068,24
0731,伊藤建設有限会社,新潟県香取郡多古町一ツ橋9丁目24番20号 北青山コーポ305,090-9575-5947,92
0335,中島運輸合同会社,岩手県昭島市麹町5丁目9番3号,090-9645-0738,62
0023,佐藤通信合同会社,富山県横浜市栄区湯宮10丁目20番19号 クレスト元浅草314,43-5123-5132,9
0271,株式会社田中鉱業,沖縄県いすみ市東浅草17丁目17番14号 シャルム無栗屋151,080-6109-6151,50
0555,有限会社林電気,沖縄県横浜市戸塚区所野25丁目24番12号 西川コーポ038,59-3151-7104,22
0984,株式会社村上農林,岡山県長生郡一宮町中三依39丁目22番6号 シャルム上広谷106,35-6585-5260,59
0332,福田保険株式会社,福岡県目黒区柿木沢新田38丁目6番3号 パレス幸手665,090-6547-4750,83
0753,伊藤銀行株式会社,高知県西東京市日本堤38丁目13番15号 日比谷公園パーク411,070-8637-8415,33
0406,佐藤ガス株式会社,福井県稲城市羽折町18丁目24番19号,14-9941-4032,87
0089,佐藤電気株式会社,愛知県板橋区南赤田2丁目24番17号,090-5474-8003,86
0345,松田保険株式会社,鳥取県印旛郡酒々井町戸島30丁目8番7号 戸山パーク663,88-1880-7776,88
0891,合同会社中島銀行,奈良県横浜市港北区芝公園28丁目24番13号 アーバン戸島799,080-3587-1931,80
0953,株式会社佐藤鉱業,静岡県印西市千塚17丁目23番19号,090-3895-6849,6
0535,加藤農林有限会社,大阪府世田谷区六番町28丁目6番7号 シャルム丹勢772,090-8991-9667,20
0594,有限会社佐々木ガス,長崎県西多摩郡檜原村蔵前28丁目2番13号 東神田パレス115,42-0121-8885,29
0845,株式会社佐藤保険,山梨県狛江市芝公園40丁目1番6号 コート竜泉891,080-9714-4209,81
0326,合同会社渡辺印刷,広島県川崎市川崎区一ツ橋9丁目11番9号,86-2977-4378,90
0945,有限会社伊藤農林,岡山県利島村美原町14丁目11番9号,090-5061-7637,86
0926,小林食品株式会社,広島県川崎市中原区丹勢33丁目14番15号 太田ヶ谷コーポ034,68-1288-7455,84
0268,鈴木鉱業株式会社,宮城県長生郡長南町西関宿38丁目7番17号 パレス前弥六724,080-3711-2297,87
0536,合同会社中村鉱業,北海道八王子市高田馬場3丁目6番16号 アーバン高田馬場316,070-9553-7622,80
0336,合同会社林銀行,三重県あきる野市浅草7丁目22番8号 シャルム西神田810,090-2660-7537,28
0519,合同会社藤田情報,兵庫県川崎市宮前区下吉羽34丁目21番18号,090-0234-6461,30
0433,合同会社松本電気,石川県君津市白金37丁目9番5号 元浅草パレス650,07-3889-8176,19
0602,福田印刷有限会社,宮崎県横浜市港南区戸山8丁目19番7号 鶴ヶ丘コート102,090-9931-2609,39
0425,橋本通信有限会社,山形県香取郡神崎町九段南7丁目27番17号 クレスト千束675,090-5857-7774,76
0992,合同会社田中保険,香川県印旛郡栄町柿木沢新田33丁目20番12号,070-8428-0379,90
0390,株式会社佐藤ガス,栃木県八丈島八丈町外国府間17丁目8番6号 コーポ睦837,080-4658-1668,7
0592,中村銀行有限会社,徳島県横浜市磯子区箪笥町41丁目15番6号,070-9408-3384,54
0583,合同会社後藤食品,群馬県大田区筑土八幡町5丁目20番9号 無栗屋アーバン437,080-5004-8389,13
0748,加藤水産合同会社,栃木県印旛郡本埜村元浅草21丁目27番1号 戸島シャルム579,71-7367-8023,10
0979,株式会社吉田印刷,群馬県町田市無栗屋5丁目23番12号,090-1727-2331,64
0160,井上電気合同会社,大阪府横浜市瀬谷区箭坪28丁目7番19号 上吉羽シティ431,080-6375-7617,60
0330,有限会社山田運輸,鳥取県昭島市松が谷4丁目26番6号 脚折町ハイツ454,49-9103-3094,58
0527,有限会社渡辺食品,徳島県横浜市旭区東上野29丁目8番19号,31-6191-0295,13
0483,有限会社鈴木建設,山口県東大和市西関宿33丁目10番5号 パーク手岡365,78-5691-0959,43
0580,株式会社小林鉱業,徳島県川崎市幸区白金37丁目3番16号 ハイツ東神田359,090-6078-6332,62
0666,伊藤食品合同会社,高知県小平市上吉羽14丁目26番4号 上吉羽パーク575,55-4098-2520,10
0672,小林ガス株式会社,兵庫県中野区横林30丁目7番8号 脚折町パーク410,070-5260-0822,12
0941,田中電気合同会社,群馬県練馬区中鉢石町24丁目20番15号 ハイツ東三島802,070-0516-8033,56
0733,青木ガス有限会社,石川県袖ケ浦市四番町31丁目4番12号,080-1192-1524,50
0146,佐藤水産株式会社,奈良県夷隅郡御宿町一ツ橋42丁目10番2号 東上野パーク471,83-5000-1117,85
0008,株式会社山下情報,大阪府小笠原村虎ノ門16丁目5番2号,080-5771-4871,88
0792,有限会社佐藤保険,東京都狛江市白金台10丁目21番20号 コート箭坪315,090-3041-0507,83
0479,合同会社後藤情報,和歌山県川崎市宮前区月島32丁目14番14号 脚折町ハイツ519,080-8615-9720,63
0812,藤井ガス有限会社,香川県狛江市蟇沼22丁目14番15号 コーポ丹勢982,070-2618-7239,61
0444,合同会社福田通信,兵庫県府中市湯本塩原7丁目14番8号 シャルム湯本塩原195,98-6184-5998,19
0949,加藤鉱業有限会社,福島県浦安市東神田2丁目1番17号 パレス土沢323,87-3472-3413,26
0883,有限会社山崎建設,兵庫県八王子市元浅草4丁目17番16号 シャルム長畑048,080-3850-1728,29
0712,山本鉱業合同会社,神奈川県山武郡九十九里町氏家新田8丁目1番10号 パーク中宮祠707,070-1623-1522,33
0150,有限会社阿部食品,青森県国分寺市五味ヶ谷34丁目25番7号 千塚シティ884,080-1110-3022,75
