ID,ユーザー名,氏名,性別,住所,メールアドレス,誕生日
0465,tomoya40,池田 洋介,M,長野県長生郡長南町戸島20丁目26番17号,momoko70@yahoo.com,1920-03-01
0400,yamaguchiyuta,阿部 涼平,M,東京都横浜市旭区隼町4丁目11番9号 ハイツ箪笥町081,kana82@gmail.com,1910-07-21
0346,lishii,林 治,M,栃木県長生郡長生村土呂部10丁目18番9号 パレス前弥六707,ryosukeyoshida@hotmail.com,1966-03-18
0397,gyamazaki,木村 知実,F,大分県渋谷区箪笥町20丁目3番12号 勝どきコーポ546,ukimura@hotmail.com,1991-10-01
0487,momokomiura,中川 花子,F,宮城県西東京市大京町42丁目3番17号 鳥越アーバン482,zyamada@gmail.com,1986-01-01
0269,jwatanabe,石川 英樹,M,兵庫県北区南郷屋20丁目4番2号,ryamada@yahoo.com,1931-08-29
0960,lwatanabe,橋本 太郎,M,三重県立川市鳥越42丁目3番8号,dyamada@gmail.com,1917-01-31
0076,nanamiyoshida,山本 明美,F,愛知県江戸川区千塚40丁目1番20号,hanako64@yahoo.com,1960-12-04
0127,kazuyanakamura,清水 和也,M,新潟県長生郡睦沢町丸の内30丁目14番9号 轟シティ229,akemi54@gmail.com,1993-12-03
0189,maedanaoto,伊藤 学,M,石川県夷隅郡大多喜町丸の内42丁目5番17号,osamutakahashi@yahoo.com,2020-12-26
0707,kimurayoichi,清水 裕太,M,愛知県青ヶ島村方京7丁目11番7号 美原町シティ851,asuka63@hotmail.com,1946-04-25
0794,onishimura,佐々木 健一,M,北海道川崎市多摩区南赤田22丁目3番5号 ハイツ箭坪962,shotahayashi@hotmail.com,1962-09-02
0075,reiendo,三浦 零,M,鹿児島県豊島区細竹22丁目8番6号,eito@gmail.com,2017-12-28
0130,dishii,中島 里佳,F,長崎県東久留米市入谷9丁目25番5号,murakamimomoko@hotmail.com,1920-09-09
0637,yosuke85,渡辺 花子,F,岐阜県清瀬市三ノ輪26丁目14番15号 独鈷沢クレスト907,miki08@yahoo.com,2016-03-01
0866,maayaishii,佐藤 修平,M,香川県御蔵島村二つ室7丁目20番20号 パレス吾妻橋638,shohei00@gmail.com,1979-02-22
0821,bishii,岡本 健一,M,茨城県青ヶ島村筑土八幡町24丁目20番3号 氏家新田ハイツ074,osamu13@yahoo.com,1973-11-06
0804,atsushi58,加藤 結衣,F,愛媛県狛江市月島25丁目8番13号 台場シティ722,nsato@hotmail.com,1910-10-19
0973,hiroshi37,村上 さゆり,F,千葉県南房総市西関宿14丁目25番3号 京橋シティ683,wyamaguchi@hotmail.com,2011-10-02
0971,naoko25,石川 零,M,静岡県夷隅郡大多喜町池之端7丁目14番16号 ハイツ皇居外苑378,kazuya39@hotmail.com,1966-11-26
0808,kanamurakami,近藤 香織,F,秋田県香取郡多古町白金34丁目1番13号 シティ東浅草620,hashimotomikako@hotmail.com,1968-06-10
0081,itokyosuke,高橋 康弘,M,山口県匝瑳市中鉢石町36丁目9番7号,itotsubasa@yahoo.com,1971-08-19
0500,mai05,鈴木 拓真,M,三重県横浜市旭区富久町39丁目9番10号 アーバン松が谷107,ckondo@hotmail.com,1922-02-13
0006,akobayashi,前田 幹,F,神奈川県横浜市神奈川区猿楽町32丁目3番6号,jun12@gmail.com,2008-05-07
0812,tanakananami,中村 千代,F,北海道板橋区東神田8丁目27番9号,yoichisuzuki@hotmail.com,1923-12-10
0505,yumikonishimura,田中 直樹,M,福岡県長生郡長生村南赤田35丁目20番7号,atsushi47@gmail.com,1989-01-04
0210,kaorikobayashi,長谷川 七夏,F,佐賀県東久留米市鶴ヶ丘21丁目19番5号,maedayosuke@yahoo.com,1909-09-25
0573,nishimurajun,鈴木 翼,M,三重県東村山市西川16丁目22番16号 コート五味ヶ谷111,naoko06@yahoo.com,2009-06-06
0681,nsaito,石川 英樹,M,大分県川崎市中原区丹勢1丁目24番9号 湯本塩原パーク548,fujitanaoki@hotmail.com,1936-06-11
0660,kanasato,小林 あすか,F,福岡県あきる野市湯宮35丁目14番18号,jun57@hotmail.com,1996-10-20
0577,takuma19,佐藤 真綾,F,長崎県品川区東大和町12丁目4番2号 ハイツ湯本塩原688,yamadanaoto@gmail.com,2021-09-04
0264,akira85,井上 京助,M,三重県夷隅郡御宿町下宇和田26丁目24番16号,syamamoto@hotmail.com,1932-10-03
0914,taro16,山本 稔,M,長崎県富津市北上野19丁目14番8号 シャルム白金台622,sakamotochiyo@gmail.com,1960-05-25
0331,nanamiabe,清水 治,M,岐阜県山武市平河町11丁目23番17号 丸の内シャルム617,kenichihashimoto@hotmail.com,1968-12-30
0635,usato,山田 康弘,M,東京都江戸川区幸手42丁目22番11号,shohei95@yahoo.com,1962-04-21
0934,inouenanami,岡本 太一,M,埼玉県川崎市中原区一ツ橋19丁目13番19号,naokitanaka@hotmail.com,2017-07-25
0613,reinakamura,林 英樹,M,石川県横浜市青葉区上野公園20丁目4番1号 ハイツ丹勢685,ytakahashi@yahoo.com,2014-07-20
0239,kyosuke55,渡辺 太郎,M,栃木県印旛郡栄町蟇沼8丁目24番8号 戸島パレス323,btakahashi@hotmail.com,1953-04-02
0852,hasegawatsubasa,林 健一,M,香川県香取郡神崎町虎ノ門虎ノ門ヒルズ森タワー5丁目16番4号 シャルム横林017,chiyotakahashi@hotmail.com,1917-09-18
0389,ryosuke45,吉田 くみ子,F,三重県町田市明石町28丁目2番16号 一ツ橋シティ329,naokiyamamoto@hotmail.com,2001-12-17
0215,katoasuka,山崎 和也,M,石川県杉並区白金16丁目16番4号 北上野ハイツ919,tyamaguchi@hotmail.com,1920-01-03
0166,tanakamikako,渡辺 晃,M,滋賀県横浜市旭区上吉羽6丁目10番1号 氏家パーク838,eendo@gmail.com,1963-12-10
0747,kaoriyamamoto,石井 翼,M,鳥取県板橋区芝浦37丁目25番2号 アーバン東三島610,yamamotokaori@gmail.com,1981-11-01
0435,vsato,小川 あすか,F,福井県足立区元浅草14丁目8番6号 コート平須賀975,gototakuma@gmail.com,1982-01-04
0770,yoichi14,佐藤 里佳,F,岡山県調布市中三依18丁目14番4号 ハイツ勝どき599,pkondo@yahoo.com,1944-06-23
0496,satomaaya,佐々木 洋介,M,鹿児島県香取郡東庄町雷門4丁目10番13号,akeminakagawa@hotmail.com,1964-03-08
0229,miki10,斎藤 知実,F,山形県葛飾区脚折2丁目4番6号,eito@gmail.com,1964-08-07
0414,fujiwarayuta,木村 浩,M,大阪府川崎市宮前区猿楽町32丁目4番16号 東上野クレスト796,taichi15@yahoo.com,1980-06-12
0926,watanabekyosuke,長谷川 涼平,M,鹿児島県西多摩郡奥多摩町一ツ橋37丁目8番16号 ハイツ南赤田065,saitomiki@hotmail.com,1931-10-30
0404,matsumototakuma,田中 あすか,F,静岡県長生郡睦沢町丸の内12丁目1番16号 浅草橋クレスト894,asuzuki@hotmail.com,1913-01-25
0192,nishimurakaori,高橋 七夏,F,宮城県世田谷区吾妻橋25丁目15番10号 太田ヶ谷アーバン526,satominakamura@gmail.com,2022-03-15
0579,hideki98,山本 京助,M,熊本県東久留米市鍛冶ケ沢22丁目5番10号,miturusato@hotmail.com,1917-08-20
0725,takahashirei,長谷川 さゆり,F,北海道横浜市瀬谷区西神田8丁目21番4号,yamazakiryosuke@yahoo.com,2019-04-21
0184,taichinakamura,木村 裕太,M,宮城県青梅市外神田27丁目25番12号,okadaosamu@yahoo.com,2021-11-20
0622,dwatanabe,小林 加奈,F,沖縄県西東京市橋場33丁目5番20号,tkato@hotmail.com,1963-02-26
0775,xtanaka,鈴木 稔,M,山形県安房郡鋸南町南赤田8丁目19番2号 ハイツ箭坪797,takahashiasuka@yahoo.com,1930-12-20
0666,osamusuzuki,伊藤 稔,M,千葉県中央区北上野34丁目18番19号 猿楽町シャルム333,katokana@hotmail.com,1947-11-11
0957,taro70,松本 くみ子,F,沖縄県日野市山中新田22丁目23番19号 方京クレスト856,akira83@yahoo.com,1935-03-21
0085,okamotoryosuke,山田 和也,M,長崎県安房郡鋸南町湯宮36丁目11番14号 コート土沢537,haruka17@yahoo.com,1957-05-05
0675,hwatanabe,佐藤 太郎,M,岩手県神津島村橋場29丁目2番10号 ハイツ東和町496,takahashiyasuhiro@gmail.com,1926-11-21
0534,rsuzuki,松本 さゆり,F,滋賀県四街道市九段南13丁目23番1号 コーポ箪笥町720,mikako59@yahoo.com,1985-10-25
0267,yui78,清水 英樹,M,宮城県多摩市台場35丁目8番10号,kumiko79@yahoo.com,1918-10-21
0925,naotosuzuki,木村 直人,M,沖縄県西多摩郡檜原村二つ室2丁目22番4号 パーク幸手210,tsubasahayashi@gmail.com,1922-11-27
0953,syamada,伊藤 七夏,F,大阪府浦安市百村42丁目3番19号 クレスト戸塚町541,watanaberyohei@yahoo.com,1949-02-13
0252,minoru87,池田 知実,F,宮崎県白井市卯の里33丁目10番10号 脚折町ハイツ345,wsato@gmail.com,1986-09-08
0457,satoshota,鈴木 康弘,M,佐賀県鎌ケ谷市長畑23丁目27番9号 西浅草クレスト088,itokaori@gmail.com,1946-04-17
0249,kanatakahashi,山本 陽子,F,沖縄県長生郡睦沢町猿楽町17丁目18番6号 コート皇居外苑410,yoshidayoichi@gmail.com,1967-10-25
0180,tsubasakobayashi,佐々木 陽子,F,山形県府中市油井7丁目8番11号 コート下宇和田141,fujitasayuri@gmail.com,1981-01-08
0906,baoki,吉田 裕美子,F,北海道印旛郡印旛村中川崎34丁目20番7号 長畑クレスト531,aokada@gmail.com,2001-10-13
0842,shota69,吉田 学,M,奈良県横浜市旭区平須賀25丁目17番7号 ハイツ土沢892,yamazakiasuka@hotmail.com,2013-12-27
0183,otarika,中村 七夏,F,福井県川崎市幸区中三依38丁目21番8号,isuzuki@yahoo.com,1987-12-06
0478,satomisuzuki,池田 太一,M,佐賀県清瀬市細野9丁目14番18号,yuta34@hotmail.com,1992-03-03
0616,dsasaki,山下 洋介,M,福井県白井市皇居外苑19丁目24番18号 クレスト氏家286,skimura@gmail.com,1911-04-27
0283,unakamura,高橋 淳,M,鳥取県町田市日光41丁目3番2号 パレス平須賀782,matsumotonaoki@gmail.com,1948-03-14
0670,wsasaki,吉田 陽一,M,北海道調布市戸塚町34丁目26番8号 コート大中044,ffujii@yahoo.com,1969-02-08
0383,yamadayosuke,小林 香織,F,新潟県町田市月島27丁目27番11号 コーポ秋葉原740,kaori63@yahoo.com,2018-11-15
0154,itojun,佐藤 智也,M,山梨県小笠原村下吉羽11丁目6番9号,shotatakahashi@gmail.com,1907-08-14
0870,rnakajima,鈴木 裕美子,F,熊本県三宅島三宅村西川14丁目18番4号 シャルム神明内664,kyosuke98@gmail.com,2015-07-25
0564,yosukeyoshida,鈴木 直人,M,静岡県日野市天神島34丁目16番12号,yosuke62@yahoo.com,1956-08-05
0504,gotoasuka,後藤 花子,F,石川県大島町麹町34丁目26番14号 竜泉ハイツ534,ogawahiroshi@gmail.com,1915-10-18
0272,mituru95,三浦 あすか,F,秋田県鎌ケ谷市中三依34丁目3番7号 入谷パレス565,itotsubasa@hotmail.com,1957-12-30
0413,yamamotoyoko,近藤 京助,M,福島県富津市富久町30丁目13番16号,cmurakami@hotmail.com,1913-06-21
0396,ynakajima,石井 太郎,M,兵庫県文京区西川8丁目10番7号 北上野シャルム909,nakagawakyosuke@yahoo.com,1926-06-27
0769,ctakahashi,松本 さゆり,F,新潟県川崎市高津区轟23丁目5番10号 ハイツ高田馬場799,tomoyakato@hotmail.com,2002-07-30
0484,fgoto,村上 舞,F,鹿児島県八王子市無栗屋41丁目3番2号 シャルム五味ヶ谷141,isasaki@gmail.com,2011-08-11
0186,harukasato,小川 知実,F,島根県山武郡横芝光町台東13丁目2番7号,mituruyamada@hotmail.com,1969-03-19
0800,kazuya77,伊藤 明美,F,三重県東村山市氏家30丁目11番15号,satomi86@gmail.com,1935-03-22
0456,gotokyosuke,三浦 くみ子,F,富山県東久留米市港南19丁目17番19号,yoichi35@hotmail.com,1922-05-31
0508,byamashita,山田 修平,M,高知県長生郡長南町皇居外苑11丁目16番11号,vyamada@yahoo.com,1987-01-12
0507,yumikosato,佐々木 幹,F,新潟県足立区高輪4丁目4番9号,suzukiosamu@yahoo.com,1963-09-26
0678,matsumotokumiko,坂本 香織,F,静岡県八千代市白金台36丁目27番13号 パーク台東459,akira83@gmail.com,2004-08-04
0748,hasegawayoichi,伊藤 花子,F,神奈川県江東区北上野15丁目24番6号 パレス横林447,morihideki@yahoo.com,1963-09-07
0024,ynakajima,林 涼平,M,東京都小平市上野桜木41丁目14番7号,minoru69@yahoo.com,1928-05-16
0815,nakamurakazuya,伊藤 直子,F,愛媛県山武郡横芝光町上高野16丁目5番16号 西神田コーポ654,ryosukehashimoto@yahoo.com,1979-03-12
0234,morikumiko,三浦 拓真,M,東京都小金井市日光26丁目12番1号 コーポ吾妻橋481,maikato@yahoo.com,2005-02-11
0765,shimizuatsushi,山本 浩,M,兵庫県稲城市細竹38丁目19番17号 京橋クレスト961,hashimotoshota@hotmail.com,1928-10-24
0144,lsato,藤原 裕美子,F,高知県横浜市戸塚区羽折町24丁目20番20号 前弥六シティ458,vtakahashi@hotmail.com,2004-07-24
0703,kazuyanakamura,岡本 晃,M,神奈川県南房総市横林19丁目23番3号,oyamamoto@gmail.com,2018-01-25
0236,momokosasaki,山下 あすか,F,岡山県横浜市西区九段南36丁目24番17号,yamamotoryohei@hotmail.com,1947-01-15
0903,ryamada,斎藤 舞,F,北海道中央区土沢37丁目17番2号,tomoya86@gmail.com,1914-02-23
